{
   "Highlighter": {
"Sample": [
               "MsgBox(64, \"Tutorial\", \"Hello World!\")"
            ],
      "MainRules": {
         "Attributes": {
            "Element": "Editor"
         },
         "SubRules": {
            "Range": [
               {
                  "Type": "LineComment",
                  "Attributes": {
                     "Element": "Comment"
                  },
                  "Properties": {
                     "CloseOnEndOfLine": true
                  },
                  "TokenRange": {
                     "Open": ";"
                  }
               },
							 {
                  "Type": "BlockComment",
                  "Attributes": {
                     "Element": "Comment"
                  },
                  "TokenRange": {
                     "Open": "#COMMENTS-START",
										 "Close": "#COMMENTS-END"
                  }
               },
							 {
                  "Type": "BlockComment",
                  "Attributes": {
                     "Element": "Comment"
                  },
                  "TokenRange": {
                     "Open": "#CS",
										 "Close": "#CE"
                  }
               },
               {
                  "Type": "String",
                  "Attributes": {
                     "Element": "String"
                  },
                  "Properties": {
                     "CloseOnEndOfLine": true
                  },
                  "TokenRange": {
                     "Open": "'",
                     "Close": "'"
                  }
               },
               {
                  "Type": "String",
                  "Attributes": {
                     "Element": "String"
                  },
                  "Properties": {
                     "CloseOnEndOfLine": true
                  },
                  "TokenRange": {
                     "Open": "\"",
                     "Close": "\""
                  }
               },
               {
                  "Type": "Attribute",
                  "Attributes": {
                     "Element": "Attribute"
                  },
                  "Properties": {
                     "CloseOnTerm": true,
                     "CloseOnEndOfLine": true
                  },
                  "TokenRange": {
                     "Open": "@"
                  }
               },
               {
                  "Type": "Attribute",
                  "Attributes": {
                     "Element": "Attribute"
                  },
                  "Properties": {
                     "CloseOnTerm": true,
                     "CloseOnEndOfLine": true
                  },
                  "TokenRange": {
                     "Open": "$"
                  }
               },
               {
                  "Type": "Directive",
                  "Attributes": {
                     "Element": "Directive"
                  },
                  "Properties": {
                     "CloseOnEndOfLine": true
                  },
                  "TokenRange": {
                     "Open": "#"
                  }
               }
            ],
            "KeyList": [
               {
                  "Type": "ReservedWord",
                  "Words": [
                     "case",
                     "const",
                     "continuecase",
                     "continueloop",
                     "default",
                     "dim",
                     "do",
                     "else",
                     "elseif",
                     "endfunc",
                     "endif",
                     "endselect",
                     "endswitch",
                     "endwith",
                     "enum",
                     "exit",
                     "exitloop",
                     "false",
                     "for",
                     "for",
                     "func",
                     "global",
                     "if",
                     "in",
                     "local",
                     "next",
                     "null",
                     "redim",
                     "return",
                     "select",
                     "static",
                     "step",
                     "switch",
                     "then",
                     "to",
                     "true",
                     "until",
                     "wend",
                     "while",
                     "with",
                     "volatile"
                  ],
                  "Attributes": {
                     "Element": "ReservedWord"
                  }
               },
               {
                  "Type": "ReservedWord",
                  "Words": [
                     "abs",
                     "acos",
                     "adlibregister",
                     "adlibunregister",
                     "asc",
                     "ascw",
                     "asin",
                     "assign",
                     "atan",
                     "autoitsetoption",
                     "autoitwingettitle",
                     "autoitwinsettitle",
                     "beep",
                     "binary",
                     "binarylen",
                     "binarymid",
                     "binarytostring",
                     "bitand",
                     "bitnot",
                     "bitor",
                     "bitrotate",
                     "bitshift",
                     "bitxor",
                     "blockinput",
                     "break",
                     "call",
                     "cdtray",
                     "ceiling",
                     "chr",
                     "chrw",
                     "clipget",
                     "clipput",
                     "consoleread",
                     "consolewrite",
                     "consolewriteerror",
                     "controlclick",
                     "controlcommand",
                     "controldisable",
                     "controlenable",
                     "controlfocus",
                     "controlgetfocus",
                     "controlgethandle",
                     "controlgetpos",
                     "controlgettext",
                     "controlhide",
                     "controllistview",
                     "controlmove",
                     "controlsend",
                     "controlsettext",
                     "controlshow",
                     "controltreeview",
                     "cos",
                     "dec",
                     "dircopy",
                     "dircreate",
                     "dirgetsize",
                     "dirmove",
                     "dirremove",
                     "dllcall",
                     "dllcalladdress",
                     "dllcallbackfree",
                     "dllcallbackgetptr",
                     "dllcallbackregister",
                     "dllclose",
                     "dllopen",
                     "dllstructcreate",
                     "dllstructgetdata",
                     "dllstructgetptr",
                     "dllstructgetsize",
                     "dllstructsetdata",
                     "drivegetdrive",
                     "drivegetfilesystem",
                     "drivegetlabel",
                     "drivegetserial",
                     "drivegettype",
                     "drivemapadd",
                     "drivemapdel",
                     "drivemapget",
                     "drivesetlabel",
                     "drivespacefree",
                     "drivespacetotal",
                     "drivestatus",
                     "envget",
                     "envset",
                     "envupdate",
                     "eval",
                     "execute",
                     "exp",
                     "filechangedir",
                     "fileclose",
                     "filecopy",
                     "filecreatentfslink",
                     "filecreateshortcut",
                     "filedelete",
                     "fileexists",
                     "filefindfirstfile",
                     "filefindnextfile",
                     "fileflush",
                     "filegetattrib",
                     "filegetencoding",
                     "filegetlongname",
                     "filegetpos",
                     "filegetshortcut",
                     "filegetshortname",
                     "filegetsize",
                     "filegettime",
                     "filegetversion",
                     "fileinstall",
                     "filemove",
                     "fileopen",
                     "fileopendialog",
                     "fileread",
                     "filereadline",
                     "filereadtoarray",
                     "filerecycle",
                     "filerecycleempty",
                     "filesavedialog",
                     "fileselectfolder",
                     "filesetattrib",
                     "filesetpos",
                     "filesettime",
                     "filewrite",
                     "filewriteline",
                     "floor",
                     "ftpsetproxy",
                     "funcname",
                     "guicreate",
                     "guictrlcreateavi",
                     "guictrlcreatebutton",
                     "guictrlcreatecheckbox",
                     "guictrlcreatecombo",
                     "guictrlcreatecontextmenu",
                     "guictrlcreatedate",
                     "guictrlcreatedummy",
                     "guictrlcreateedit",
                     "guictrlcreategraphic",
                     "guictrlcreategroup",
                     "guictrlcreateicon",
                     "guictrlcreateinput",
                     "guictrlcreatelabel",
                     "guictrlcreatelist",
                     "guictrlcreatelistview",
                     "guictrlcreatelistviewitem",
                     "guictrlcreatemenu",
                     "guictrlcreatemenuitem",
                     "guictrlcreatemonthcal",
                     "guictrlcreateobj",
                     "guictrlcreatepic",
                     "guictrlcreateprogress",
                     "guictrlcreateradio",
                     "guictrlcreateslider",
                     "guictrlcreatetab",
                     "guictrlcreatetabitem",
                     "guictrlcreatetreeview",
                     "guictrlcreatetreeviewitem",
                     "guictrlcreateupdown",
                     "guictrldelete",
                     "guictrlgethandle",
                     "guictrlgetstate",
                     "guictrlread",
                     "guictrlrecvmsg",
                     "guictrlregisterlistviewsort",
                     "guictrlsendmsg",
                     "guictrlsendtodummy",
                     "guictrlsetbkcolor",
                     "guictrlsetcolor",
                     "guictrlsetcursor",
                     "guictrlsetdata",
                     "guictrlsetdefbkcolor",
                     "guictrlsetdefcolor",
                     "guictrlsetfont",
                     "guictrlsetgraphic",
                     "guictrlsetimage",
                     "guictrlsetlimit",
                     "guictrlsetonevent",
                     "guictrlsetpos",
                     "guictrlsetresizing",
                     "guictrlsetstate",
                     "guictrlsetstyle",
                     "guictrlsettip",
                     "guidelete",
                     "guigetcursorinfo",
                     "guigetmsg",
                     "guigetstyle",
                     "guiregistermsg",
                     "guisetaccelerators",
                     "guisetbkcolor",
                     "guisetcoord",
                     "guisetcursor",
                     "guisetfont",
                     "guisethelp",
                     "guiseticon",
                     "guisetonevent",
                     "guisetstate",
                     "guisetstyle",
                     "guistartgroup",
                     "guiswitch",
                     "hex",
                     "hotkeyset",
                     "httpsetproxy",
                     "httpsetuseragent",
                     "hwnd",
                     "inetclose",
                     "inetget",
                     "inetgetinfo",
                     "inetgetsize",
                     "inetread",
                     "inidelete",
                     "iniread",
                     "inireadsection",
                     "inireadsectionnames",
                     "inirenamesection",
                     "iniwrite",
                     "iniwritesection",
                     "inputbox",
                     "int",
                     "isadmin",
                     "isarray",
                     "isbinary",
                     "isbool",
                     "isdeclared",
                     "isdllstruct",
                     "isfloat",
                     "isfunc",
                     "ishwnd",
                     "isint",
                     "iskeyword",
                     "isnumber",
                     "isobj",
                     "isptr",
                     "isstring",
                     "log",
                     "memgetstats",
                     "mod",
                     "mouseclick",
                     "mouseclickdrag",
                     "mousedown",
                     "mousegetcursor",
                     "mousegetpos",
                     "mousemove",
                     "mouseup",
                     "mousewheel",
                     "msgbox",
                     "number",
                     "objcreate",
                     "objcreateinterface",
                     "objevent",
                     "objget",
                     "objname",
                     "onautoitexitregister",
                     "onautoitexitunregister",
                     "ping",
                     "pixelchecksum",
                     "pixelgetcolor",
                     "pixelsearch",
                     "processclose",
                     "processexists",
                     "processgetstats",
                     "processlist",
                     "processsetpriority",
                     "processwait",
                     "processwaitclose",
                     "progressoff",
                     "progresson",
                     "progressset",
                     "ptr",
                     "random",
                     "regdelete",
                     "regenumkey",
                     "regenumval",
                     "regread",
                     "regwrite",
                     "returns",
                     "round",
                     "run",
                     "runas",
                     "runaswait",
                     "runwait",
                     "send",
                     "sendkeepactive",
                     "seterror",
                     "setextended",
                     "shellexecute",
                     "shellexecutewait",
                     "shutdown",
                     "sin",
                     "sleep",
                     "soundplay",
                     "soundsetwavevolume",
                     "splashimageon",
                     "splashoff",
                     "splashtexton",
                     "sqrt",
                     "srandom",
                     "statusbargettext",
                     "stderrread",
                     "stdinwrite",
                     "stdioclose",
                     "stdoutread",
                     "string",
                     "stringaddcr",
                     "stringcompare",
                     "stringformat",
                     "stringfromasciiarray",
                     "stringinstr",
                     "stringisalnum",
                     "stringisalpha",
                     "stringisascii",
                     "stringisdigit",
                     "stringisfloat",
                     "stringisint",
                     "stringislower",
                     "stringisspace",
                     "stringisupper",
                     "stringisxdigit",
                     "stringleft",
                     "stringlen",
                     "stringlower",
                     "stringmid",
                     "stringregexp",
                     "stringregexpreplace",
                     "stringreplace",
                     "stringreverse",
                     "stringright",
                     "stringsplit",
                     "stringstripcr",
                     "stringstripws",
                     "stringtoasciiarray",
                     "stringtobinary",
                     "stringtrimleft",
                     "stringtrimright",
                     "stringupper",
                     "tan",
                     "tcpaccept",
                     "tcpclosesocket",
                     "tcpconnect",
                     "tcplisten",
                     "tcpnametoip",
                     "tcprecv",
                     "tcpsend",
                     "tcpshutdown",
                     "tcpstartup",
                     "timerdiff",
                     "timerinit",
                     "tooltip",
                     "traycreateitem",
                     "traycreatemenu",
                     "traygetmsg",
                     "trayitemdelete",
                     "trayitemgethandle",
                     "trayitemgetstate",
                     "trayitemgettext",
                     "trayitemsetonevent",
                     "trayitemsetstate",
                     "trayitemsettext",
                     "traysetclick",
                     "trayseticon",
                     "traysetonevent",
                     "traysetpauseicon",
                     "traysetstate",
                     "traysettooltip",
                     "traytip",
                     "ubound",
                     "udpbind",
                     "udpclosesocket",
                     "udpopen",
                     "udprecv",
                     "udpsend",
                     "udpshutdown",
                     "udpstartup",
                     "vargettype",
                     "winactivate",
                     "winactive",
                     "winclose",
                     "winexists",
                     "winflash",
                     "wingetcaretpos",
                     "wingetclasslist",
                     "wingetclientsize",
                     "wingethandle",
                     "wingetpos",
                     "wingetprocess",
                     "wingetstate",
                     "wingettext",
                     "wingettitle",
                     "winkill",
                     "winlist",
                     "winmenuselectitem",
                     "winminimizeall",
                     "winminimizeallundo",
                     "winmove",
                     "winsetontop",
                     "winsetstate",
                     "winsettitle",
                     "winsettrans",
                     "winwait",
                     "winwaitactive",
                     "winwaitclose",
                     "winwaitnotactive"
                  ],
                  "Attributes": {
                     "Element": "ReservedWord"
                  }
               },
               {
                  "Type": "Symbol",
                  "Words": [
                     ":",
                     "<",
                     ">",
                     "=",
                     "/",
                     "*",
                     ".",
                     ",",
                     "-",
                     "+",
                     "(",
                     ")",
                     "[",
                     "]",
                     "{",
                     "}",
                     "&"
                  ],
                  "Attributes": {
                     "Element": "Symbol"
                  }
               }
            ],
            "Set": [
               {
                  "Type": "Numbers",
                  "Symbols": "0123456789",
                  "Attributes": {
                     "Element": "Number"
                  }
               },
               {
                  "Type": "Float",
                  "Symbols": ".0123456789",
                  "Attributes": {
                     "Element": "Number"
                  }
               }
            ]
         }
      }
   },
   "CodeFolding": {
      "Ranges": [
         {
				    "SkipRegion": [
               {
                  "OpenToken": "\"",
                  "CloseToken": "\"",
                  "RegionType": "SingleLineString"
               }
						],
            "FoldRegion": [
						   {
                  "OpenToken": "#COMMENTS-START",
                  "CloseToken": "#COMMENTS-END",
									"Properties": {
                     "NoSubs": true,
										 "BeginWithBreakChar": true,
										 "OpenTokenBreaksLine": true
									}
               },
							 {
                  "OpenToken": "#CS",
                  "CloseToken": "#CE",
									"Properties": {
                     "NoSubs": true,
										 "BeginWithBreakChar": true,
										 "OpenTokenBreaksLine": true
									}
               },
							 {
                  "OpenToken": "#REGION",
                  "CloseToken": "#ENDREGION",
									"Properties": {
                     "BeginWithBreakChar": true,
										 "OpenTokenBreaksLine": true
									}
               },
               {
                  "OpenToken": "FUNC",
                  "CloseToken": "ENDFUNC"
               },
               {
                  "OpenToken": "IF",
                  "CloseToken": "ENDIF",
                  "Properties": {
                     "SharedClose": true
                  }
               },
               {
                  "OpenToken": "ELSE",
                  "CloseToken": "ENDIF",
                  "Properties": {
                     "SharedClose": true
                  }
               },
               {
                  "OpenToken": "FOR",
                  "CloseToken": "NEXT"
               },
               {
                  "OpenToken": "WHILE",
                  "CloseToken": "WEND"
               },
               {
                  "OpenToken": "DO",
                  "CloseToken": "UNTIL"
               }
            ]
         }
      ]
   },
   "MatchingPair": {
      "Pairs": [
         {
            "OpenToken": "(",
            "CloseToken": ")"
         },
         {
            "OpenToken": "[",
            "CloseToken": "]"
         },
         {
            "OpenToken": "{",
            "CloseToken": "}"
         }
      ]
   },
   "CompletionProposal": {
      "SkipRegion": [
         {
            "OpenToken": "'",
            "CloseToken": "'",
            "RegionType": "SingleLineString"
         },
         {
            "OpenToken": "\"",
            "CloseToken": "\"",
            "RegionType": "SingleLineString"
         },
         {
            "OpenToken": ";",
            "RegionType": "SingleLine"
         }
      ]
   }
}
