{
   "Highlighter": {
"Sample": [
               "# Hello World in AWK\r\n",
               "BEGIN { print \"Hello, world!\" }"
            ],
      "MainRules": {
         "Attributes": {
            "Element": "Editor"
         },
         "SubRules": {
            "Range": [
               {
                  "Type": "LineComment",
                  "Attributes": {
                     "Element": "Comment"
                  },
                  "Properties": {
                     "CloseOnEndOfLine": true
                  },
                  "TokenRange": {
                     "Open": "#"
                  }
               },
               {
                  "Type": "Character",
                  "Attributes": {
                     "Element": "Character"
                  },
                  "Properties": {
                     "CloseOnTerm": true,
                     "CloseOnEndOfLine": true
                  },
                  "TokenRange": {
                     "Open": "$",
                     "Close": " "
                  }
               },
               {
                  "Type": "String",
                  "Attributes": {
                     "Element": "String"
                  },
                  "Properties": {
                     "CloseOnEndOfLine": true
                  },
                  "TokenRange": {
                     "Open": "'",
                     "Close": "'"
                  },
                  "SubRules": {
                     "Range": [
                        {
                           "Type": "String",
                           "Attributes": {
                              "Element": "String"
                           },
                           "Properties": {
                              "CloseOnEndOfLine": true,
                              "CloseOnTerm": true
                           },
                           "TokenRange": {
                              "Open": "\\'",
                              "Close": ""
                           }
                        },
                        {
                           "Type": "String",
                           "Attributes": {
                              "Element": "String"
                           },
                           "Properties": {
                              "CloseOnEndOfLine": true,
                              "CloseOnTerm": true
                           },
                           "TokenRange": {
                              "Open": "\\\\",
                              "Close": ""
                           }
                        }
                     ]
                  }
               },
               {
                  "Type": "String",
                  "Attributes": {
                     "Element": "String"
                  },
                  "Properties": {
                     "CloseOnEndOfLine": true
                  },
                  "TokenRange": {
                     "Open": "\"",
                     "Close": "\""
                  },
                  "SubRules": {
                     "Range": [
                        {
                           "Type": "String",
                           "Attributes": {
                              "Element": "String"
                           },
                           "Properties": {
                              "CloseOnEndOfLine": true,
                              "CloseOnTerm": true
                           },
                           "TokenRange": {
                              "Open": "\\\"",
                              "Close": ""
                           }
                        },
                        {
                           "Type": "String",
                           "Attributes": {
                              "Element": "String"
                           },
                           "Properties": {
                              "CloseOnEndOfLine": true,
                              "CloseOnTerm": true
                           },
                           "TokenRange": {
                              "Open": "\\\\",
                              "Close": ""
                           }
                        }
                     ]
                  }
               }
            ],
            "KeyList": [
               {
                  "Type": "ReservedWord",
                  "Words": [
                     "begin",
                     "break",
                     "continue",
                     "do",
                     "else",
                     "end",
                     "exit",
                     "for",
                     "function",
                     "getline",
                     "if",
                     "next",
                     "print",
                     "return",
                     "while"
                  ],
                  "Attributes": {
                     "Element": "ReservedWord"
                  }
               },
               {
                  "Type": "ReservedWord",
                  "Words": [
                     "FS",
                     "NF",
                     "RS",
                     "NR",
                     "FILENAME",
                     "OFS",
                     "ORS",
                     "ARGC",
                     "ARGV",
                     "ARGIND",
                     "FNR",
                     "OFMT",
                     "RSTART",
                     "RLENGTH",
                     "SUBSEP",
                     "ENVIRON",
                     "IGNORECASE",
                     "CONVFMT",
                     "ERRNO",
                     "FIELDWIDTHS",
                     "BINMODE",
                     "LINT",
                     "PROCINFO",
                     "RT",
                     "TEXTDOMAIN"
                  ],
                  "Attributes": {
                     "Element": "Directive"
                  }
               },
               {
                  "Type": "Symbol",
                  "Words": [
                     ":",
                     ";",
                     "<",
                     ">",
                     "=",
                     "/",
                     "*",
                     ".",
                     ",",
                     "-",
                     "+",
                     "(",
                     ")",
                     "[",
                     "]",
                     "{",
                     "}"
                  ],
                  "Attributes": {
                     "Element": "Symbol"
                  }
               }
            ],
            "Set": [
               {
                  "Type": "Numbers",
                  "Symbols": "0123456789",
                  "Attributes": {
                     "Element": "Number"
                  }
               },
               {
                  "Type": "Float",
                  "Symbols": ".0123456789",
                  "Attributes": {
                     "Element": "Number"
                  }
               }
            ]
         }
      }
   },
   "CodeFolding": {
      "Ranges": [
         {
            "SkipRegion": [
               {
                  "OpenToken": "'",
                  "CloseToken": "'",
                  "RegionType": "SingleLineString"
               },
               {
                  "OpenToken": "\"",
                  "CloseToken": "\"",
                  "RegionType": "SingleLineString"
               },
               {
                  "OpenToken": "#",
                  "RegionType": "SingleLine"
               }
            ],
            "FoldRegion": [
               {
                  "OpenToken": "{",
                  "CloseToken": "}",
                  "Properties": {
                     "BreakCharFollows": false
                  }
               }
            ]
         }
      ]
   },
   "MatchingPair": {
      "Pairs": [
         {
            "OpenToken": "(",
            "CloseToken": ")"
         },
         {
            "OpenToken": "[",
            "CloseToken": "]"
         },
         {
            "OpenToken": "{",
            "CloseToken": "}"
         }
      ]
   },
   "CompletionProposal": {
      "SkipRegion": [
         {
            "OpenToken": "'",
            "CloseToken": "'",
            "RegionType": "SingleLineString"
         },
         {
            "OpenToken": "\"",
            "CloseToken": "\"",
            "RegionType": "SingleLineString"
         },
         {
            "OpenToken": "#",
            "RegionType": "SingleLine"
         }
      ]
   }
}
