{
   "Highlighter": {
"Sample": [
               "// Hello World in D\r\n",
               "\r\n",
               "import std.stdio\r\n",
               "\r\n",
               "void main()\r\n",
               "{\r\n",
               "    writeln(\"Hello, world!\");\r\n",
               "}"
            ],
      "MainRules": {
         "Attributes": {
            "Element": "Editor"
         },
         "SubRules": {
            "Range": [
               {
                  "Type": "BlockComment",
                  "Attributes": {
                     "Element": "Comment"
                  },
                  "TokenRange": {
                     "Open": "/*",
                     "Close": "*/"
                  }
               },
               {
                  "Type": "LineComment",
                  "Attributes": {
                     "Element": "Comment"
                  },
                  "Properties": {
                     "CloseOnEndOfLine": true
                  },
                  "TokenRange": {
                     "Open": "//"
                  }
               },
               {
                  "Type": "String",
                  "Attributes": {
                     "Element": "String"
                  },
                  "Properties": {
                     "CloseOnEndOfLine": true
                  },
                  "TokenRange": {
                     "Open": "'",
                     "Close": "'"
                  },
                  "SubRules": {
                     "Range": [
                        {
                           "Type": "String",
                           "Attributes": {
                              "Element": "String"
                           },
                           "Properties": {
                              "CloseOnEndOfLine": true,
                              "CloseOnTerm": true
                           },
                           "TokenRange": {
                              "Open": "\\'",
                              "Close": ""
                           }
                        },
                        {
                           "Type": "String",
                           "Attributes": {
                              "Element": "String"
                           },
                           "Properties": {
                              "CloseOnEndOfLine": true,
                              "CloseOnTerm": true
                           },
                           "TokenRange": {
                              "Open": "\\\\",
                              "Close": ""
                           }
                        }
                     ]
                  }
               },
               {
                  "Type": "String",
                  "Attributes": {
                     "Element": "String"
                  },
                  "Properties": {
                     "CloseOnEndOfLine": true
                  },
                  "TokenRange": {
                     "Open": "\"",
                     "Close": "\""
                  },
                  "SubRules": {
                     "Range": [
                        {
                           "Type": "String",
                           "Attributes": {
                              "Element": "String"
                           },
                           "Properties": {
                              "CloseOnEndOfLine": true,
                              "CloseOnTerm": true
                           },
                           "TokenRange": {
                              "Open": "\\\"",
                              "Close": ""
                           }
                        },
                        {
                           "Type": "String",
                           "Attributes": {
                              "Element": "String"
                           },
                           "Properties": {
                              "CloseOnEndOfLine": true,
                              "CloseOnTerm": true
                           },
                           "TokenRange": {
                              "Open": "\\\\",
                              "Close": ""
                           }
                        }
                     ]
                  }
               },
               {
                  "Type": "Directive",
                  "Attributes": {
                     "Element": "Directive"
                  },
                  "Properties": {
                     "CloseOnEndOfLine": true
                  },
                  "TokenRange": {
                     "Open": "#"
                  }
               },
               {
                  "Type": "Hex",
                  "Attributes": {
                     "Element": "Number"
                  },
                  "Delimiters": "*/+-=\\|&()[]{}`~!@,$%^?:;'\".><#'ghijklmnopqrstuwvyzaao",
                  "Properties": {
                     "CloseOnTerm": true,
                     "CloseOnEndOfLine": true
                  },
                  "TokenRange": {
                     "Open": "0",
                     "OpenBreakType": "Any"
                  }
               }
            ],
            "KeyList": [
               {
                  "Type": "ReservedWord",
                  "Words": [
                     "abstract",
                     "alias",
                     "align",
                     "asm",
                     "assert",
                     "auto",
                     "body",
                     "bool",
                     "break",
                     "byte",
                     "case",
                     "cast",
                     "catch",
                     "cdouble",
                     "cent",
                     "cfloat",
                     "char",
                     "class",
                     "const",
                     "continue",
                     "creal",
                     "dchar",
                     "debug",
                     "default",
                     "delegate",
                     "delete",
                     "deprecated",
                     "do",
                     "double",
                     "else",
                     "enum",
                     "export",
                     "extern",
                     "false",
                     "final",
                     "finally",
                     "float",
                     "for",
                     "foreach",
                     "foreach_reverse",
                     "function",
                     "goto",
                     "idouble",
                     "if",
                     "ifloat",
                     "immutable",
                     "import",
                     "in",
                     "inout",
                     "int",
                     "interface",
                     "invariant",
                     "ireal",
                     "is",
                     "lazy",
                     "long",
                     "macro",
                     "mixin",
                     "module",
                     "new",
                     "nothrow",
                     "null",
                     "out",
                     "override",
                     "package",
                     "pragma",
                     "private",
                     "protected",
                     "public",
                     "pure",
                     "real",
                     "ref",
                     "return",
                     "scope",
                     "shared",
                     "short",
                     "static",
                     "struct",
                     "super",
                     "switch",
                     "synchronized",
                     "template",
                     "this",
                     "throw",
                     "true",
                     "try",
                     "typedef",
                     "typeid",
                     "typeof",
                     "ubyte",
                     "ucent",
                     "uint",
                     "ulong",
                     "union",
                     "unittest",
                     "ushort",
                     "version",
                     "void",
                     "volatile",
                     "wchar",
                     "while",
                     "with",
                     "__FILE__",
                     "__MODULE__",
                     "__LINE__",
                     "__FUNCTION__",
                     "__PRETTY_FUNCTION__",
                     "__gshared",
                     "__traits",
                     "__vector",
                     "__parameters"
                  ],
                  "Attributes": {
                     "Element": "ReservedWord"
                  }
               },
               {
                  "Type": "Symbol",
                  "Words": [
                     ":",
                     ";",
                     "<",
                     ">",
                     "=",
                     "/",
                     "*",
                     ".",
                     ",",
                     "-",
                     "+",
                     "(",
                     ")",
                     "[",
                     "]",
                     "{",
                     "}",
                     "&",
                     "|",
                     "!",
                     "$",
                     "%",
                     "^",
                     "~",
                     "@",
                     "?"
                  ],
                  "Attributes": {
                     "Element": "Symbol"
                  }
               }
            ],
            "Set": [
               {
                  "Type": "Numbers",
                  "Symbols": "0123456789",
                  "Attributes": {
                     "Element": "Number"
                  }
               },
               {
                  "Type": "Float",
                  "Symbols": ".0123456789",
                  "Attributes": {
                     "Element": "Number"
                  }
               }
            ]
         }
      }
   },
   "CodeFolding": {
      "Ranges": [
         {
            "SkipRegion": [
               {
                  "OpenToken": "'",
                  "CloseToken": "'",
                  "RegionType": "SingleLineString"
               },
               {
                  "OpenToken": "\"",
                  "CloseToken": "\"",
                  "RegionType": "SingleLineString"
               },
               {
                  "OpenToken": "//",
                  "RegionType": "SingleLine"
               },
               {
                  "OpenToken": "/*",
                  "CloseToken": "*/",
                  "RegionType": "MultiLine"
               }
            ],
            "FoldRegion": [
               {
                  "OpenToken": "{",
                  "CloseToken": "}",
                  "Properties": {
                     "BreakCharFollows": false
                  }
               }
            ]
         }
      ]
   },
   "MatchingPair": {
      "Pairs": [
         {
            "OpenToken": "(",
            "CloseToken": ")"
         },
         {
            "OpenToken": "[",
            "CloseToken": "]"
         },
         {
            "OpenToken": "{",
            "CloseToken": "}"
         }
      ]
   },
   "CompletionProposal": {
      "SkipRegion": [
         {
            "OpenToken": "'",
            "CloseToken": "'",
            "RegionType": "SingleLineString"
         },
         {
            "OpenToken": "\"",
            "CloseToken": "\"",
            "RegionType": "SingleLineString"
         },
         {
            "OpenToken": "//",
            "RegionType": "SingleLine"
         },
         {
            "OpenToken": "/*",
            "CloseToken": "*/",
            "RegionType": "MultiLine"
         }
      ]
   }
}
