{
   "Highlighter": {
"Sample": [
               "(* Hello World in OCaml *)\r\n",
               "\r\n",
               "print_string \"Hello world!\";;"
            ],
      "MainRules": {
         "Attributes": {
            "Element": "Editor"
         },
         "SubRules": {
            "Range": [
               {
                  "Type": "BlockComment",
                  "Attributes": {
                     "Element": "Comment"
                  },
                  "TokenRange": {
                     "Open": "(*",
                     "Close": "*)"
                  }
               },
               {
                  "Type": "LineComment",
                  "Attributes": {
                     "Element": "Comment"
                  },
                  "TokenRange": {
                     "Open": "/*",
                     "Close": "*/"
                  }
               },
               {
                  "Type": "String",
                  "Attributes": {
                     "Element": "String"
                  },
                  "Properties": {
                     "CloseOnEndOfLine": true
                  },
                  "TokenRange": {
                     "Open": "'",
                     "Close": "'"
                  },
                  "SubRules": {
                     "Range": [
                        {
                           "Type": "String",
                           "Attributes": {
                              "Element": "String"
                           },
                           "Properties": {
                              "CloseOnEndOfLine": true,
                              "CloseOnTerm": true
                           },
                           "TokenRange": {
                              "Open": "\\'",
                              "Close": ""
                           }
                        },
                        {
                           "Type": "String",
                           "Attributes": {
                              "Element": "String"
                           },
                           "Properties": {
                              "CloseOnEndOfLine": true,
                              "CloseOnTerm": true
                           },
                           "TokenRange": {
                              "Open": "\\\\",
                              "Close": ""
                           }
                        }
                     ]
                  }
               },
               {
                  "Type": "String",
                  "Attributes": {
                     "Element": "String"
                  },
                  "Properties": {
                     "CloseOnEndOfLine": true
                  },
                  "TokenRange": {
                     "Open": "\"",
                     "Close": "\""
                  },
                  "SubRules": {
                     "Range": [
                        {
                           "Type": "String",
                           "Attributes": {
                              "Element": "String"
                           },
                           "Properties": {
                              "CloseOnEndOfLine": true,
                              "CloseOnTerm": true
                           },
                           "TokenRange": {
                              "Open": "\\\"",
                              "Close": ""
                           }
                        },
                        {
                           "Type": "String",
                           "Attributes": {
                              "Element": "String"
                           },
                           "Properties": {
                              "CloseOnEndOfLine": true,
                              "CloseOnTerm": true
                           },
                           "TokenRange": {
                              "Open": "\\\\",
                              "Close": ""
                           }
                        }
                     ]
                  }
               },
               {
                  "Type": "Hex",
                  "Attributes": {
                     "Element": "Number"
                  },
                  "Delimiters": "*/+-=\\|&()[]{}`~!@,$%^?:;'\".><#'ghijklmnopqrstuwvyzaao",
                  "Properties": {
                     "CloseOnTerm": true,
                     "CloseOnEndOfLine": true
                  },
                  "TokenRange": {
                     "Open": "0",
                     "OpenBreakType": "Any"
                  }
               }
            ],
            "KeyList": [
               {
                  "Type": "ReservedWord",
                  "Words": [
                     "and",
                     "as",
                     "assert",
                     "begin",
                     "class",
                     "constraint",
                     "do",
                     "done",
                     "downto",
                     "else",
                     "end",
                     "exception",
                     "external",
                     "false",
                     "for",
                     "fun",
                     "function",
                     "functor",
                     "if",
                     "in",
                     "include",
                     "inherit",
                     "initializer",
                     "lazy",
                     "let",
                     "match",
                     "method",
                     "module",
                     "mutable",
                     "new",
                     "object",
                     "of",
                     "open",
                     "or",
                     "private",
                     "rec",
                     "sig",
                     "struct",
                     "then",
                     "to",
                     "true",
                     "try",
                     "type",
                     "val",
                     "virtual",
                     "when",
                     "while",
                     "with"
                  ],
                  "Attributes": {
                     "Element": "ReservedWord"
                  }
               },
               {
                  "Type": "Symbol",
                  "Words": [
                     "!",
                     "#",
                     "&",
                     ":",
                     ";",
                     "?",
                     "~",
                     "|",
                     "`",
                     "<",
                     ">",
                     "=",
                     "/",
                     "*",
                     ".",
                     ",",
                     "-",
                     "+",
                     "(",
                     ")",
                     "[",
                     "]",
                     "{",
                     "}"
                  ],
                  "Attributes": {
                     "Element": "Symbol"
                  }
               }
            ],
            "Set": [
               {
                  "Type": "Numbers",
                  "Symbols": "0123456789",
                  "Attributes": {
                     "Element": "Number"
                  }
               },
               {
                  "Type": "Float",
                  "Symbols": ".0123456789",
                  "Attributes": {
                     "Element": "Number"
                  }
               }
            ]
         }
      }
   },
   "MatchingPair": {
      "Pairs": [
         {
            "OpenToken": "(",
            "CloseToken": ")"
         },
         {
            "OpenToken": "[",
            "CloseToken": "]"
         },
         {
            "OpenToken": "{",
            "CloseToken": "}"
         }
      ]
   },
   "CompletionProposal": {
      "SkipRegion": [
         {
            "OpenToken": "'",
            "CloseToken": "'",
            "RegionType": "SingleLineString"
         },
         {
            "OpenToken": "\"",
            "CloseToken": "\"",
            "RegionType": "SingleLineString"
         },
         {
            "OpenToken": "(*",
            "CloseToken": "*)",
            "RegionType": "MultiLine"
         },
         {
            "OpenToken": "/*",
            "CloseToken": "*/",
            "RegionType": "MultiLine"
         }
      ]
   }
}
