{
   "Highlighter": {
"Sample": [
               "// Hello World in Rust\r\n",
               "\r\n",
               "fn main() {\r\n",
               "    println!(\"Hello, world!\");\r\n",
               "}"
            ],
      "MainRules": {
         "Attributes": {
            "Element": "Editor"
         },
         "SubRules": {
            "Range": [
               {
                  "Type": "LineComment",
                  "Attributes": {
                     "Element": "Comment"
                  },
                  "Properties": {
                     "CloseOnEndOfLine": true
                  },
                  "TokenRange": {
                     "Open": "//"
                  }
               },
               {
                  "Type": "String",
                  "Attributes": {
                     "Element": "String"
                  },
                  "Properties": {
                     "CloseOnEndOfLine": true
                  },
                  "TokenRange": {
                     "Open": "\"",
                     "Close": "\""
                  },
                  "SubRules": {
                     "Range": [
                        {
                           "Type": "String",
                           "Attributes": {
                              "Element": "String"
                           },
                           "Properties": {
                              "CloseOnEndOfLine": true,
                              "CloseOnTerm": true
                           },
                           "TokenRange": {
                              "Open": "\\\"",
                              "Close": ""
                           }
                        },
                        {
                           "Type": "String",
                           "Attributes": {
                              "Element": "String"
                           },
                           "Properties": {
                              "CloseOnEndOfLine": true,
                              "CloseOnTerm": true
                           },
                           "TokenRange": {
                              "Open": "\\\\",
                              "Close": ""
                           }
                        }
                     ]
                  }
               },
               {
                  "Type": "Directive",
                  "Attributes": {
                     "Element": "Directive"
                  },
                  "Properties": {
                     "CloseOnEndOfLine": true
                  },
                  "TokenRange": {
                     "Open": "#"
                  }
               },
               {
                  "Type": "Hex",
                  "Attributes": {
                     "Element": "Number"
                  },
                  "Delimiters": "*/+-=\\|&()[]{}`~!@,$%^?:;'\".><#'ghijklmnopqrstuwvyzaao",
                  "Properties": {
                     "CloseOnTerm": true,
                     "CloseOnEndOfLine": true
                  },
                  "TokenRange": {
                     "Open": "0",
                     "OpenBreakType": "Any"
                  }
               }
            ],
            "KeyList": [
               {
                  "Name": "Keywords",
                  "Type": "ReservedWord",
                  "Words": [
                     "abstract",
                     "alignof",
                     "as",
                     "become",
                     "box",
                     "break",
                     "const",
                     "continue",
                     "crate",
                     "do",
                     "else",
                     "enum",
                     "extern",
                     "false",
                     "final",
                     "fn",
                     "for",
                     "if",
                     "impl",
                     "in",
                     "let",
                     "loop",
                     "macro",
                     "match",
                     "mod",
                     "move",
                     "mut",
                     "offsetof",
                     "override",
                     "priv",
                     "proc",
                     "pub",
                     "pure",
                     "ref",
                     "return",
                     "self",
                     "sizeof",
                     "static",
                     "struct",
                     "super",
                     "trait",
                     "true",
                     "type",
                     "typeof",
                     "unsafe",
                     "unsized",
                     "use",
                     "virtual",
                     "where",
                     "while",
                     "yield"
                  ],
                  "Attributes": {
                     "Element": "ReservedWord"
                  }
               },
               {
                  "Type": "Symbol",
                  "Words": [
                     ":",
                     ";",
                     "<",
                     ">",
                     "=",
                     "/",
                     "%",
                     "&",
                     "|",
                     "^",
                     "*",
                     ".",
                     ",",
                     "-",
                     "+",
                     "(",
                     ")",
                     "[",
                     "]",
                     "{",
                     "}"
                  ],
                  "Attributes": {
                     "Element": "Symbol"
                  }
               }
            ],
            "Set": [
               {
                  "Type": "Numbers",
                  "Symbols": "0123456789",
                  "Attributes": {
                     "Element": "Number"
                  }
               },
               {
                  "Type": "Float",
                  "Symbols": ".0123456789",
                  "Attributes": {
                     "Element": "Number"
                  }
               }
            ]
         }
      }
   },
   "CodeFolding": {
      "Ranges": [
         {
            "Options": {
               "StringEscapeChar": "\\"
            },
            "SkipRegion": [
               {
                  "OpenToken": "\"",
                  "CloseToken": "\"",
                  "RegionType": "SingleLineString"
               },
               {
                  "OpenToken": "//",
                  "RegionType": "SingleLine"
               }
            ],
            "FoldRegion": [
               {
                  "OpenToken": "{",
                  "CloseToken": "}",
                  "Properties": {
                     "BreakCharFollows": false
                  }
               }
            ]
         }
      ]
   },
   "MatchingPair": {
      "Pairs": [
         {
            "OpenToken": "(",
            "CloseToken": ")"
         },
         {
            "OpenToken": "[",
            "CloseToken": "]"
         },
         {
            "OpenToken": "{",
            "CloseToken": "}"
         }
      ]
   },
   "CompletionProposal": {
      "SkipRegion": [
         {
            "OpenToken": "\"",
            "CloseToken": "\"",
            "RegionType": "SingleLineString"
         },
         {
            "OpenToken": "//",
            "RegionType": "SingleLine"
         }
      ]
   }
}
