{
   "Highlighter": {
"Sample": [
               "CREATE TABLE DUAL\r\n",
               "(\r\n",
               "  DUMMY VARCHAR(1)\r\n",
               ");\r\n",
               "\r\n",
               "INSERT INTO DUAL (DUMMY) VALUES ('X');\r\n",
               "\r\n",
               "SELECT \"Hello world!\" FROM DUAL;"
            ],
      "MainRules": {
         "Attributes": {
            "Element": "Editor"
         },
         "SubRules": {
            "Range": [
               {
                  "Type": "BlockComment",
                  "Attributes": {
                     "Element": "Comment"
                  },
                  "TokenRange": {
                     "Open": "/*",
                     "Close": "*/"
                  }
               },
               {
                  "Type": "LineComment",
                  "Attributes": {
                     "Element": "Comment"
                  },
                  "Properties": {
                     "CloseOnEndOfLine": true
                  },
                  "TokenRange": {
                     "Open": "--"
                  }
               },
               {
                  "Type": "String",
                  "Attributes": {
                     "Element": "String"
                  },
                  "Properties": {
                     "CloseOnEndOfLine": true
                  },
                  "TokenRange": {
                     "Open": "'",
                     "Close": "'"
                  }
               },
               {
                  "Type": "String",
                  "Attributes": {
                     "Element": "String"
                  },
                  "Properties": {
                     "CloseOnEndOfLine": true
                  },
                  "TokenRange": {
                     "Open": "\"",
                     "Close": "\""
                  }
               }
            ],
            "KeyList": [
               {
                  "Type": "ReservedWord",
                  "Words": [
                     "abort",
                     "action",
                     "add",
                     "after",
                     "all",
                     "alter",
                     "analyze",
                     "and",
                     "as",
                     "asc",
                     "attach",
                     "autoincrement",
                     "before",
                     "begin",
                     "between",
                     "by",
                     "cascade",
                     "case",
                     "cast",
                     "check",
                     "collate",
                     "column",
                     "commit",
                     "conflict",
                     "constraint",
                     "create",
                     "cross",
                     "current_date",
                     "current_time",
                     "current_timestamp",
                     "database",
                     "default",
                     "deferrable",
                     "deferred",
                     "delete",
                     "desc",
                     "detach",
                     "distinct",
                     "drop",
                     "each",
                     "else",
                     "end",
                     "escape",
                     "except",
                     "exclusive",
                     "exists",
                     "explain",
                     "fail",
                     "for",
                     "foreign",
                     "from",
                     "full",
                     "glob",
                     "group",
                     "having",
                     "if",
                     "ignore",
                     "immediate",
                     "in",
                     "index",
                     "indexed",
                     "initially",
                     "inner",
                     "insert",
                     "instead",
                     "intersect",
                     "into",
                     "is",
                     "isnull",
                     "join",
                     "key",
                     "left",
                     "like",
                     "limit",
                     "match",
                     "natural",
                     "no",
                     "not",
                     "notnull",
                     "null",
                     "of",
                     "offset",
                     "on",
                     "or",
                     "order",
                     "outer",
                     "plan",
                     "pragma",
                     "primary",
                     "query",
                     "raise",
                     "recursive",
                     "references",
                     "regexp",
                     "reindex",
                     "release",
                     "rename",
                     "replace",
                     "restrict",
                     "right",
                     "rollback",
                     "row",
                     "savepoint",
                     "select",
                     "set",
                     "table",
                     "temp",
                     "temporary",
                     "then",
                     "to",
                     "transaction",
                     "trigger",
                     "union",
                     "unique",
                     "update",
                     "using",
                     "vacuum",
                     "values",
                     "view",
                     "virtual",
                     "when",
                     "where",
                     "with",
                     "without"
                  ],
                  "Attributes": {
                     "Element": "ReservedWord"
                  }
               },
               {
                  "Type": "Symbol",
                  "Words": [
                     ":",
                     ";",
                     "<",
                     ">",
                     "=",
                     "/",
                     "*",
                     ".",
                     ",",
                     "-",
                     "+",
                     "(",
                     ")",
                     "[",
                     "]",
                     "{",
                     "}",
                     "|"
                  ],
                  "Attributes": {
                     "Element": "Symbol"
                  }
               }
            ],
            "Set": [
               {
                  "Type": "Numbers",
                  "Symbols": "0123456789",
                  "Attributes": {
                     "Element": "Number"
                  }
               },
               {
                  "Type": "Float",
                  "Symbols": ".0123456789",
                  "Attributes": {
                     "Element": "Number"
                  }
               }
            ]
         }
      }
   },
   "CodeFolding": {
      "Ranges": [
         {
            "SkipRegion": [
               {
                  "OpenToken": "'",
                  "CloseToken": "'",
                  "RegionType": "SingleLineString"
               },
               {
                  "OpenToken": "\"",
                  "CloseToken": "\"",
                  "RegionType": "SingleLineString"
               },
               {
                  "OpenToken": "--",
                  "RegionType": "SingleLine"
               },
               {
                  "OpenToken": "/*",
                  "CloseToken": "*/",
                  "RegionType": "MultiLine"
               }
            ],
            "FoldRegion": [
               {
                  "OpenToken": "BEGIN",
                  "CloseToken": "END;"
               }
            ]
         }
      ]
   },
   "MatchingPair": {
      "Pairs": [
         {
            "OpenToken": "(",
            "CloseToken": ")"
         },
         {
            "OpenToken": "[",
            "CloseToken": "]"
         }
      ]
   },
   "CompletionProposal": {
      "SkipRegion": [
         {
            "OpenToken": "'",
            "CloseToken": "'",
            "RegionType": "SingleLineString"
         },
         {
            "OpenToken": "\"",
            "CloseToken": "\"",
            "RegionType": "SingleLineString"
         },
         {
            "OpenToken": "--",
            "RegionType": "SingleLine"
         },
         {
            "OpenToken": "/*",
            "CloseToken": "*/",
            "RegionType": "MultiLine"
         }
      ]
   }
}
