{
   "Highlighter": {
"Sample": [
               "// Hello World in UnrealScript\r\n",
               "\r\n",
               "class HelloWorldGame extends GameInfo;\r\n",
               "\r\n",
               "event InitGame( string Options, out string Error )\r\n",
               "{\r\n",
               "    super.InitGame( Options, Error );\r\n",
               "\r\n",
               "    `log( \"Hello, world!\" );\r\n",
               "}"
            ],
      "MainRules": {
         "Attributes": {
            "Element": "Editor"
         },
         "SubRules": {
            "Range": [
               {
                  "Type": "BlockComment",
                  "Attributes": {
                     "Element": "Comment"
                  },
                  "TokenRange": {
                     "Open": "/*",
                     "Close": "*/"
                  }
               },
               {
                  "Type": "LineComment",
                  "Attributes": {
                     "Element": "Comment"
                  },
                  "Properties": {
                     "CloseOnEndOfLine": true
                  },
                  "TokenRange": {
                     "Open": "//"
                  }
               },
               {
                  "Type": "String",
                  "Attributes": {
                     "Element": "String"
                  },
                  "Properties": {
                     "CloseOnEndOfLine": true
                  },
                  "TokenRange": {
                     "Open": "'",
                     "Close": "'"
                  },
                  "SubRules": {
                     "Range": [
                        {
                           "Type": "String",
                           "Attributes": {
                              "Element": "String"
                           },
                           "Properties": {
                              "CloseOnEndOfLine": true,
                              "CloseOnTerm": true
                           },
                           "TokenRange": {
                              "Open": "\\'",
                              "Close": ""
                           }
                        },
                        {
                           "Type": "String",
                           "Attributes": {
                              "Element": "String"
                           },
                           "Properties": {
                              "CloseOnEndOfLine": true,
                              "CloseOnTerm": true
                           },
                           "TokenRange": {
                              "Open": "\\\\",
                              "Close": ""
                           }
                        }
                     ]
                  }
               },
               {
                  "Type": "String",
                  "Attributes": {
                     "Element": "String"
                  },
                  "Properties": {
                     "CloseOnEndOfLine": true
                  },
                  "TokenRange": {
                     "Open": "\"",
                     "Close": "\""
                  },
                  "SubRules": {
                     "Range": [
                        {
                           "Type": "String",
                           "Attributes": {
                              "Element": "String"
                           },
                           "Properties": {
                              "CloseOnEndOfLine": true,
                              "CloseOnTerm": true
                           },
                           "TokenRange": {
                              "Open": "\\\"",
                              "Close": ""
                           }
                        },
                        {
                           "Type": "String",
                           "Attributes": {
                              "Element": "String"
                           },
                           "Properties": {
                              "CloseOnEndOfLine": true,
                              "CloseOnTerm": true
                           },
                           "TokenRange": {
                              "Open": "\\\\",
                              "Close": ""
                           }
                        }
                     ]
                  }
               },
               {
                  "Type": "Method",
                  "Attributes": {
                     "Element": "MethodName"
                  },
                  "TokenRange": {
                     "Open": "function",
                     "Close": "("
                  },
                  "SubRules": {
                     "KeyList": [
                        {
                           "Type": "Symbol",
                           "Words": [
                              "("
                           ],
                           "Attributes": {
                              "Element": "Symbol"
                           }
                        }
                     ]
                  }
               },
               {
                  "Type": "Method",
                  "Attributes": {
                     "Element": "MethodName"
                  },
                  "TokenRange": {
                     "Open": "event",
                     "Close": "("
                  },
                  "SubRules": {
                     "KeyList": [
                        {
                           "Type": "Symbol",
                           "Words": [
                              "("
                           ],
                           "Attributes": {
                              "Element": "Symbol"
                           }
                        }
                     ]
                  }
               },
               {
                  "Type": "Method",
                  "Attributes": {
                     "Element": "MethodName"
                  },
                  "Properties": {
                     "AlternativeClose": [
                        ".",
                        ";",
                        " ",
                        "["
                     ]
                  },
                  "TokenRange": {
                     "Open": ".",
                     "Close": "("
                  },
                  "SubRules": {
                     "KeyList": [
                        {
                           "Type": "ReservedWord",
                           "Words": [
                              "static"
                           ],
                           "Attributes": {
                              "Element": "ReservedWord"
                           }
                        },
                        {
                           "Type": "Symbol",
                           "Words": [
                              ".",
                              "(",
                              ";",
                              "["
                           ],
                           "Attributes": {
                              "Element": "Symbol"
                           }
                        }
                     ]
                  }
               },
               {
                  "Type": "Hex",
                  "Attributes": {
                     "Element": "Number"
                  },
                  "Delimiters": "*/+-=\\|&()[]{}`~!@,$%^?:;'\".><#'ghijklmnopqrstuwvyzaao",
                  "Properties": {
                     "CloseOnTerm": true,
                     "CloseOnEndOfLine": true
                  },
                  "TokenRange": {
                     "Open": "0",
                     "OpenBreakType": "Any"
                  }
               }
            ],
            "KeyList": [
               {
                  "Type": "ReservedWord",
                  "Words": [
                     "abstract",
                     "add",
                     "additem",
                     "always",
                     "archetype",
                     "array",
                     "arraycount",
                     "assert",
                     "atomic",
                     "atomicwhencooked",
                     "auto",
                     "autocollapsecategories",
                     "autoexpandcategories",
                     "automated",
                     "begin",
                     "bool",
                     "break",
                     "button",
                     "byte",
                     "case",
                     "cacheexempt",
                     "cache",
                     "class",
                     "classgroup",
                     "client",
                     "coerce",
                     "collapsecategories",
                     "config",
                     "const",
                     "continue",
                     "cppstruct",
                     "cpptext",
                     "crosslevelactive",
                     "crosslevelpassive",
                     "databinding",
                     "default",
                     "defaultproperties",
                     "delegate",
                     "demorecording",
                     "dependson",
                     "deprecated",
                     "depreciated",
                     "do",
                     "dontautocollapsecategories",
                     "dontcollapsecategories",
                     "dontsortcategories",
                     "dllbind",
                     "dllimport",
                     "duplicatetransient",
                     "edfindable",
                     "editconst",
                     "editconstarray",
                     "editfixedsize",
                     "edithide",
                     "editoronly",
                     "editinline",
                     "editinlinenew",
                     "editinlinenotify",
                     "editinlineuse",
                     "edittextbox",
                     "else",
                     "empty",
                     "end",
                     "enum",
                     "enumcount",
                     "exec",
                     "expands",
                     "export",
                     "exportstructs",
                     "extends",
                     "false",
                     "filtereditoronly",
                     "final",
                     "find",
                     "float",
                     "for",
                     "forcescriptorder",
                     "foreach",
                     "from",
                     "global",
                     "globalconfig",
                     "goto",
                     "guid",
                     "hidecategories",
                     "hidedropdown",
                     "if",
                     "ignores",
                     "immutable",
                     "immutablewhencooked",
                     "implements",
                     "import",
                     "inherits",
                     "init",
                     "input",
                     "insert",
                     "insertitem",
                     "instanced",
                     "int",
                     "interface",
                     "interp",
                     "intrinsic",
                     "invariant",
                     "iterator",
                     "k2call",
                     "k2override",
                     "k2pure",
                     "latent",
                     "length",
                     "local",
                     "localized",
                     "long",
                     "map",
                     "name",
                     "nameof",
                     "native",
                     "nativeonly",
                     "nativereplication",
                     "new",
                     "noexport",
                     "noexportheader",
                     "noclear",
                     "noimport",
                     "none",
                     "nontransactional",
                     "nontransient",
                     "noteditinlinenew",
                     "notforconsole",
                     "notinstanced",
                     "notplaceable",
                     "nousercreate",
                     "operator",
                     "optional",
                     "orderedarray",
                     "out",
                     "parseconfig",
                     "perobjectconfig",
                     "perobjectlocalized",
                     "placeable",
                     "private",
                     "privatewrite",
                     "preoperator",
                     "protected",
                     "protectedwrite",
                     "pointer",
                     "postoperator",
                     "public",
                     "reliable",
                     "remove",
                     "removeindex",
                     "removeitem",
                     "replace",
                     "replication",
                     "repnotify",
                     "repretry",
                     "return",
                     "rot",
                     "rng",
                     "showcategories",
                     "structcpptext",
                     "structdefaultproperties",
                     "structdefaults",
                     "safereplace",
                     "self",
                     "server",
                     "serializetext",
                     "simulated",
                     "singular",
                     "skip",
                     "sort",
                     "state",
                     "stop",
                     "strictconfig",
                     "string",
                     "struct",
                     "super",
                     "switch",
                     "transient",
                     "travel",
                     "true",
                     "unreliable",
                     "until",
                     "var",
                     "vect",
                     "virtual",
                     "while",
                     "within"
                  ],
                  "Attributes": {
                     "Element": "ReservedWord"
                  }
               },
               {
                  "Type": "Method",
                  "Words": [
                     "event",
                     "function"
                  ],
                  "Attributes": {
                     "Element": "Method"
                  }
               },
               {
                  "Type": "Symbol",
                  "Words": [
                     ":",
                     ";",
                     "<",
                     ">",
                     "=",
                     "/",
                     "*",
                     ".",
                     ",",
                     "-",
                     "+",
                     "(",
                     ")",
                     "[",
                     "]",
                     "{",
                     "}"
                  ],
                  "Attributes": {
                     "Element": "Symbol"
                  }
               }
            ],
            "Set": [
               {
                  "Type": "Numbers",
                  "Symbols": "0123456789",
                  "Attributes": {
                     "Element": "Number"
                  }
               },
               {
                  "Type": "Float",
                  "Symbols": ".0123456789",
                  "Attributes": {
                     "Element": "Number"
                  }
               }
            ]
         }
      }
   },
   "CodeFolding": {
      "Ranges": [
         {
            "Options": {
               "StringEscapeChar": "\\"
            },
            "SkipRegion": [
               {
                  "OpenToken": "'",
                  "CloseToken": "'",
                  "RegionType": "SingleLineString"
               },
               {
                  "OpenToken": "\"",
                  "CloseToken": "\"",
                  "RegionType": "SingleLineString"
               },
               {
                  "OpenToken": "//",
                  "RegionType": "SingleLine"
               },
               {
                  "OpenToken": "/*",
                  "CloseToken": "*/",
                  "RegionType": "MultiLine"
               }
            ],
            "FoldRegion": [
               {
                  "OpenToken": "{",
                  "CloseToken": "}",
                  "Properties": {
                     "BreakCharFollows": false
                  }
               }
            ]
         }
      ]
   },
   "MatchingPair": {
      "Pairs": [
         {
            "OpenToken": "(",
            "CloseToken": ")"
         },
         {
            "OpenToken": "[",
            "CloseToken": "]"
         },
         {
            "OpenToken": "{",
            "CloseToken": "}"
         }
      ]
   },
   "CompletionProposal": {
      "SkipRegion": [
         {
            "OpenToken": "'",
            "CloseToken": "'",
            "RegionType": "SingleLineString"
         },
         {
            "OpenToken": "\"",
            "CloseToken": "\"",
            "RegionType": "SingleLineString"
         },
         {
            "OpenToken": "//",
            "RegionType": "SingleLine"
         },
         {
            "OpenToken": "/*",
            "CloseToken": "*/",
            "RegionType": "MultiLine"
         }
      ]
   }
}
